<?xml version="1.0"?>
<!-- Copyright 2013 by the Department of Computer Science at the University of Oxford -->

<project name="JRDFox-example" default="run" basedir=".">
    <!-- structure of output files -->
    <property name="projectroot" value="."/>
    <property name="classdir" value="${projectroot}/class"/>

	<!-- libraries -->
    <property name="libdir" value="${projectroot}/../lib"/>
    <property name="OWLAPI" value="${libdir}/owlapi-3.4.5.jar"/>
    <property name="JRDFox" value="${libdir}/JRDFox.jar"/>
    <property name="debug" value="on"/>

    <!-- SOURCE PATHS -->
    <path id="sourcepath">
        <pathelement path="${projectroot}/Java"/>
    </path>

    <!-- CLASS PATHS -->
    <path id="classpath">
        <pathelement location="${OWLAPI}"/>
        <pathelement location="${JRDFox}"/>
    </path>

    <!-- COMPILATION TARGETS  -->

    <target name="clean">
        <delete dir="${classdir}"/>
    </target>

    <target name="compile">
        <mkdir dir="${classdir}"/>
        <javac includeantruntime="false" destdir="${classdir}" deprecation="yes" debug="${debug}" debuglevel="lines,vars,source">
            <src refid="sourcepath"/>
            <classpath refid="classpath"/>
        </javac>
		<copy todir="${classdir}">
			<fileset dir="${projectroot}/Java">
				<exclude name="**/*.java"/>
			</fileset>
		</copy>
    </target>
    
	<target name="run" depends="compile">
		<java classname="uk.ac.ox.cs.JRDFox.JRDFoxDemo" fork="true">
			<jvmarg value="-Djava.library.path=${libdir}"/>
			<classpath>
			    <pathelement path="${classdir}"/>
				<path refid="classpath"/>
			</classpath>
		</java>
    </target>

</project>
